id,login,site_admin,type
795990,odersky,False,User
389787,xuwei-k,False,User
2107387,Jesus-loves-you,False,User
40184,arjanblokzijl,False,User
24747,ijuma,False,User
1711606,rosspb3,False,User
1752236,zhshinco,False,User
648508,shijinkui,False,User
759769,rcano,False,User
975200,boyu2011,False,User
409709,kxbmap,False,User
2212866,followscala,False,User
1662345,ponta027,False,User
194448,SMcDonnell,False,User
653994,BenjaminWang,False,User
124249,jozic,False,User
143967,cheria,False,User
1673318,liang456,False,User
1510215,dgrudzin,False,User
561992,qtamaki,False,User
859983,liutaon,False,User
948781,aminerahmouni,False,User
273314,JoonyLi,False,User
1470496,jeremyGoupil,False,User
2390471,loveexception,False,User
1996056,KWMalik,False,User
1728487,LeighBraz,False,User
102104,Eldius,False,User
581881,odbass,False,User
1172353,stolyarchukav,False,User
65551,retronym,False,User
456191,hal2069,False,User
747490,ryu1,False,User
1925922,shanfei,False,User
99908,aoprisan,False,User
2934265,ntabernero,False,User
861546,lpelias,False,User
809228,yintaoxue,False,User
38568,edwardt,False,User
951476,hunslater,False,User
1260023,xjdx,False,User
1748769,yonglehou,False,User
246445,tkmtmkt,False,User
402329,mrmichalis,False,User
3220619,ruthlesslycurious,False,User
112449,chlai88,False,User
169911,yshenhar,False,User
447680,raymondtay,False,User
478012,JamesIry,False,User
1394509,lizepeng,False,User
93705,czcollier,False,User
1563693,scala-jenkins,False,User
748491,yyhayashi303,False,User
3521646,vertexshader256,False,User
1516800,dgruntz,False,User
143784,russelyang,False,User
51323,yllierop,False,User
565839,satooshi,False,User
35169,Acciaio,False,User
242141,andrejlamov,False,User
3615154,obug,False,User
2900162,CygAnka,False,User
1733310,liuyunyun,False,User
334994,gulench,False,User
287570,xendo,False,User
3293826,jiandongwang,False,User
104609,soulofpeace,False,User
2705340,bhannat2012,False,User
28763,schmooster,False,User
1286123,linkedinyou,False,User
1920488,rburgosnavas,False,User
1092271,potito-coluccelli,False,User
1702709,giabao,False,User
58067,hiroya,False,User
830545,donigian,False,User
291828,lisx2a,False,User
1329634,icecode,False,User
1062131,ynishi,False,User
1235004,mhanada,False,User
2081730,RyanTaker,False,User
4201824,MatthewSclafani,False,User
126050,euch,False,User
2816858,activated,False,User
1064191,nanchenzi,False,User
85009,kpk1948,False,User
7592,angusmaccuish,False,User
510271,Kangmo,False,User
1072103,ivanignatiev,False,User
2335037,iashishagarwal,False,User
292128,hubertp,False,User
319604,coolnalu,False,User
1257034,szaniewski,False,User
151556,8l,False,User
5584969,herpson,False,User
5186109,saritseal,False,User
3293289,kpearson,False,User
1311832,mresposito,False,User
367982,itissera,False,User
5762280,im6e,False,User
13250,frogstarr78,False,User
3098400,agileseph,False,User
700591,emanonwzy,False,User
1568039,suchema,False,User
2737730,pamf,False,User
202722,mrico,False,User
864056,kyle-liu,False,User
2298644,Ichoran,False,User
186652,allengaller,False,User
1021092,bluewitch,False,User
654511,yoavlurie,False,User
331332,aghilard,False,User
6399327,mushtaq1,False,User
897099,brivio,False,User
1282617,haoch,False,User
674467,bbplath,False,User
2893088,wdsgyj,False,User
6510179,gokyo,False,User
2292484,NaokoD,False,User
1166867,Imato,False,User
5300882,vikaschauhan917,False,User
119636,lrytz,False,User
352513,ottonagy,False,User
3100510,techmatchmaker,False,User
227783,Taalai,False,User
3001142,jedichenbin,False,User
737438,ewie,False,User
1199648,devalexsales,False,User
954663,s1mple,False,User
5838843,nutcave,False,User
1192622,CanoeFZH,False,User
6561602,ThippeshHirenallur,False,User
1540973,garfieldchen,False,User
3931336,RushiBShah,False,User
7012314,TranscranialAvenue,False,User
7073588,FlyingO,False,User
840150,swhgoon,False,User
6860628,ftshkzk,False,User
1623676,eerie,False,User
277260,rolibb,False,User
233785,marr3n,False,User
3102889,Heckt,False,User
1071642,lmayumi,False,User
5889631,Gdad,False,User
3820311,fredssantos,False,User
750985,pabloparada,False,User
1130948,campolake,False,User
1418956,tokyohanuman,False,User
64448,cnavta,False,User
2130959,mori2k12bln,False,User
4870258,MattsThat,False,User
4894589,anuragrk,False,User
1429095,devosc00,False,User
2748647,pingww,False,User
733438,gourlaysama,False,User
2421829,zaibimed,False,User
7950717,githood,False,User
4361909,jeffreylyp,False,User
2220704,armangithub,False,User
501740,hepin1989,False,User
8377513,rodrigogdea,False,User
6143494,mpociecha,False,User
7462778,jun-tsuji-ca,False,User
1269619,evhen14,False,User
40556,sparklei,False,User
65438,chayapan,False,User
3307676,rsakthi,False,User
8248640,DoryStmls,False,User
3174391,joobn72,False,User
8930489,vb2soft,False,User
7602779,Handemelindo,False,User
1447068,OwenChang,False,User
6504263,lemongrassman07,False,User
8256364,mab-u,False,User
9146316,javaertimon,False,User
111473,vishnuatrai,False,User
7571313,amos5,False,User
2803003,ColZer,False,User
5271692,romankagan,False,User
1015100,plugmagic,False,User
5682241,jonashdown,False,User
8742367,paulthalluri,False,User
138257,zhangyijun,False,User
9468547,seventhclass,False,User
5138197,ozwei,False,User
764271,mrkaspa,False,User
968389,CarloMicieli,False,User
799621,alanShore15,False,User
9391505,newthis,False,User
261418,send2vinnie,False,User
131183,milessabin,False,User
10124397,ducs-personal,False,User
1886477,esfand-r,False,User
3243962,sahitya-pavurala,False,User
362833,hongchangwu,False,User
1655791,fleuryc,False,User
1701138,magnolia-k,False,User
1148310,regiellis,False,User
1711468,5a494d,False,User
709980,endooo,False,User
10203485,jhu-chang,False,User
687580,mqshen,False,User
856136,magicx,False,User
3079190,KongJustin,False,User
4320314,sezera,False,User
8717825,ARV105,False,User
1623902,ysc,False,User
9787927,kamil-jasek,False,User
8488926,helloworld-du,False,User
5393924,mhoward2718,False,User
942986,rokthewok,False,User
6474604,mlrus,False,User
10802460,yasaracar1,False,User
7694825,euartex,False,User
10939012,sou-hi,False,User
6862199,maheshrathnayaka,False,User
1184087,gigaimage,False,User
1995544,jeffrey-aguilera,False,User
692417,khaing211,False,User
2705395,keshavbashyal,False,User
4110023,JauFeng,False,User
15446,vikram,False,User
11466378,rsantamaria3,False,User
1762773,zhaoqi,False,User
1450376,zn-share,False,User
2508067,taka0206,False,User
5811604,carbon0404,False,User
7497948,ernie55ernie,False,User
7263432,leafwin,False,User
8939125,ThunderKeg,False,User
11816717,josephsmithiv,False,User
175758,nishanpatel,False,User
11716535,fabulay,False,User
1908328,yanyushr,False,User
5036905,zhipenghan,False,User
334293,eswat2,False,User
805140,streed,False,User
8878305,zzialiuzi,False,User
2603589,radzima,False,User
4350583,ggsjyoon,False,User
2253875,takagi-s,False,User
3347411,ThakurAmarSingh,False,User
4472278,shadowsmind,False,User
139446,verto,False,User
7917967,agdra,False,User
9333549,xDevora,False,User
2589034,aoiroaoino,False,User
792775,marcovzla,False,User
2971811,github-pawo,False,User
10497269,chrilves,False,User
5994767,jmazzetti,False,User
11293390,root2000xyz,False,User
161079,SethTisue,False,User
5124537,tomkoshy,False,User
247329,atulkhot,False,User
6023564,Ardanwen,False,User
740211,lucag,False,User
535934,sjrd,False,User
1471805,magicly,False,User
158035,davidmr001,False,User
12952716,code-self,False,User
4489733,filipelenfers,False,User
5694462,bradegler,False,User
10337014,mdnajimahmed,False,User
936531,noviiro,False,User
7221993,eric-xujun,False,User
54437,itang,False,User
10165105,cyurtoz,False,User
2682937,ratson,False,User
576096,nmarov,False,User
3108677,SAlexandru,False,User
2465402,chainzhang,False,User
664303,stuartwakefield,False,User
3690738,NickYang1988,False,User
13659691,CarlingK,False,User
3377593,baoling,False,User
13812862,renjupmathews,False,User
10495673,Mayersteen,False,User
370071,GLinBoy,False,User
1217857,mumutu,False,User
6525595,codev777,False,User
13540195,tigerqiu712,False,User
5337235,nil2013,False,User
3347549,inter513,False,User
13533362,ashcoll,False,User
13937792,skytool,False,User
5321459,Jeff9,False,User
5887811,xurshid29,False,User
7621996,Jeff88Ho,False,User
3182493,Bob-Gao,False,User
728840,diginoise,False,User
11936972,ceing,False,User
795197,shigemk2,False,User
5381740,ThomasLau,False,User
6947604,zahoorwang,False,User
1047979,jaimeguzman,False,User
12027633,soilmeal,False,User
7900033,daishichao,False,User
2212557,gordonlau,False,User
135041,alexland,False,User
8801075,luohoufu,False,User
827309,RicardoMurad,False,User
6156069,billhibazzz,False,User
271111,amsayk,False,User
8580956,kimkj2017,False,User
1884219,foxerfly,False,User
6298663,BeiZero,False,User
9925571,harrylin90,False,User
6390112,mar36tin,False,User
3726786,ezmissu,False,User
8102787,sharma-rohit,False,User
10784863,nanjia,False,User
91083,adriaanm,False,User
16129699,duluosheng,False,User
6903716,chenjx1990,False,User
8955900,EdNew,False,User
8050319,WEI-HE,False,User
2599771,sdcuike,False,User
3293439,junpassion,False,User
10768154,rakshpar,False,User
1639325,wentaozone,False,User
1650728,Sa2,False,User
16498742,codybetts,False,User
9716235,WillGuan105,False,User
4217,gkossakowski,False,User
6073161,kevindian,False,User
7587556,tok12,False,User
16849164,huguangzheng,False,User
727948,Kml55,False,User
1219310,jcwhmn,False,User
1117089,vincentdyleung,False,User
8618877,renphi,False,User
10905039,Thoughtscript,False,User
11507482,ninbryan,False,User
201339,barambani,False,User
5913739,fouzeddin,False,User
1836792,lyosha85,False,User
1261606,forschnix,False,User
14155926,trancuong81,False,User
8858257,calm4wei,False,User
17482155,ToaoDigi,False,User
5277544,IT-ACG,False,User
1812373,Alastiran,False,User
1832221,carlosrf,False,User
663594,nuboat,False,User
2705470,dollyjiangjing,False,User
110165,rohithadassanayake,False,User
4005953,vasnake,False,User
15690383,viktorkrimstein,False,User
11086297,ChipCookiesAndMilk,False,User
7775755,catssay,False,User
2537732,cive,False,User
2466800,kildievr,False,User
721507,datafiend,False,User
18046610,cyberiaOz,False,User
8506380,HiredBlade,False,User
6301757,ecararus,False,User
18348267,pastyangguang,False,User
8112410,twKrash,False,User
18049879,ldshi,False,User
6667321,kakal,False,User
14816189,lingyunlujixin,False,User
9764662,jmlb23,False,User
7766735,caocao485,False,User
506800,hirofumi,False,User
247937,oyvindberg,False,User
456796,raulraja,False,User
8820568,To-maruyama,False,User
7480221,kb2623,False,User
9962495,chr0,False,User
8473448,alexandrvl,False,User
3224572,alvico,False,User
2006452,lkjx77,False,User
2732134,thucnd,False,User
7193726,LongShaWu,False,User
12070189,fapwlh,False,User
1835506,ranchunmao,False,User
8750429,ribasbarros,False,User
10987450,martiger,False,User
5843244,ReiReiRei,False,User
810475,qpiny,False,User
3054705,toandv,False,User
6085271,vinnyvoffice,False,User
3198584,evanfan,False,User
13800048,skymoon08,False,User
13996471,daqulazhang,False,User
5729965,lifezq,False,User
19560767,JoshuaHess,False,User
3332597,ehteqx,False,User
11347433,ToniYang,False,User
273288,dsoul,False,User
6326242,wardAndrew,False,User
9253288,zhenqinshang,False,User
16956170,Bala96,False,User
20281393,stopend,False,User
70689,mprzybylak,False,User
20387941,jquinon1,False,User
264469,tototoshi,False,User
7100709,deep-roller,False,User
20460144,fookenCode,False,User
17934814,etherneuron,False,User
1901098,mdilascio,False,User
6161347,hellocrest,False,User
4367582,wwwjames,False,User
1664958,coodoing,False,User
1503518,andy-b-84,False,User
13389198,chaoshendasixiong,False,User
20664127,dane-feist,False,User
6170338,shahbaziiita,False,User
3731406,dpvandyke,False,User
363938,yewton,False,User
211484,jhonghee,False,User
4458388,zsJacky,False,User
18226188,wangwang-h,False,User
3207935,manelephant,False,User
989932,dmerson,False,User
3945100,dlreeves,False,User
7700945,danzamerlot85,False,User
17037793,missheq,False,User
1635885,matsu-chara,False,User
6308331,ocylib,False,User
14269990,b0npu,False,User
17884824,chimirala,False,User
16889930,gaqzcb,False,User
21291763,cosadg,False,User
8409212,guaerguagua,False,User
413970,chenfengyuan,False,User
3679704,ushatel,False,User
1461581,hylosy,False,User
14179118,JinqiLi,False,User
514528,kaushikrroy,False,User
6009781,BondWong,False,User
8509362,vibaskaran,False,User
760014,kaiquewdev,False,User
5001247,markhuyong,False,User
2657344,landkommunenhippie,False,User
22440918,vmvct,False,User
1734651,pirunxi,False,User
1701556,marc45,False,User
16049126,bipulendra,False,User
22724429,AOSC-Packages-Inspector,False,User
928143,ft655508,False,User
6885250,mozartvn,False,User
9554414,alisonelee,False,User
4890290,peterlee2008,False,User
22144295,kateillsley,False,User
8464316,ossa619,False,User
2110655,xavier-figueroa,False,User
5584134,harish-hurchurn,False,User
22833098,oxycaster,False,User
21174829,msbinder,False,User
2376700,antonka85,False,User
1203935,themsamus,False,User
8598098,vaugusts,False,User
1315665,chromial,False,User
6206265,chkob,False,User
283332,iravid,False,User
23440171,myNvOvka,False,User
9865535,pedroalvesbatista,False,User
24240922,lambda4fun,False,User
17533001,bipptech,False,User
12897768,lsetzl,False,User
12162413,liusxg,False,User
24428223,vas4all,False,User
176947,tjaskula,False,User
24505348,ys0232,False,User
217893,jrcryer,False,User
22275681,mzsrkeen10,False,User
1920055,cogitor,False,User
18101185,HujiLee,False,User
4222216,JessyCabin,False,User
2352078,rorygraves,False,User
387270,timothyklim,False,User
22760166,oldbiwang,False,User
1123855,janekdb,False,User
16908914,ram1991,False,User
25667670,AdityaNarain281287,False,User
22322082,bigdushao,False,User
11306060,meteorice,False,User
7627788,ayushtib,False,User
2992938,DavidGregory084,False,User
8851899,qshan,False,User
6146729,mganitombalak,False,User
13068548,oskoi,False,User
13688707,denyev,False,User
26118872,ZhouYangL,False,User
7756858,heineza,False,User
9659254,ultimatumvizz,False,User
16412160,peterkovgan,False,User
4151526,wjezxujian,False,User
2017388,chuter,False,User
4226661,enzovici,False,User
13742656,Gagalin,False,User
26446048,jinxinzhang,False,User
203428,vinhphu3000,False,User
11224316,lyddream,False,User
26102457,KitsuneClub,False,User
4933847,stheno2010,False,User
16829307,shashank7596,False,User
4604933,ShaneDelmore,False,User
1834930,gardenias,False,User
5675212,gurekiti,False,User
7259936,cclong88,False,User
9608805,yuiopt,False,User
3943031,dominv,False,User
20651343,zobarov,False,User
15173312,mukhlismdt,False,User
23426569,dugufei603,False,User
10940041,cananil,False,User
23126721,maaku33,False,User
16424107,scaredsky,False,User
7351397,amitrai48,False,User
26040177,ericsmitt,False,User
1901378,oeohomos,False,User
1001175,S-YOU,False,User
28923326,SVMer,False,User
22768879,kabuakan,False,User
16903027,pbnewman,False,User
11257958,srinathji,False,User
12962861,Tompanepp,False,User
12056037,lmoccozet,False,User
7619637,dabisa,False,User
6021563,bendsh,False,User
11192380,GHackAnonymous,False,User
4290181,yuriy-eremin,False,User
24359738,muld3r,False,User
6917909,StoneMa,False,User
29643948,gustavogoispt,False,User
10983720,lracine93,False,User
2178170,sometao,False,User
26789568,mazl201,False,User
788908,YuncyYe,False,User
29062966,marcindahlen,False,User
29922390,phenixcdzj001,False,User
7036005,nerdshub,False,User
3246202,noteax,False,User
30549294,algru,False,User
26894497,Serhii-I,False,User
27709963,amandahua101,False,User
29815838,ludovicleroy,False,User
30592537,siber832,False,User
3168150,Tannyll,False,User
15142862,du-wei,False,User
30595535,owken64,False,User
25481646,Comcx,False,User
534105,sffej,False,User
6738788,hchao27,False,User
10002282,manish-tiwari,False,User
11612889,thinkpiggy,False,User
841039,jhcloos,False,User
75083,aakarsh,False,User
2584680,gotw,False,User
5896262,yourpleasure,False,User
24450287,democh,False,User
28883632,cainiaoHL,False,User
32017351,zhenyong2013,False,User
3981470,bill790,False,User
10871,viktorklang,False,User
31508490,13567436138,False,User
32309979,eemailme,False,User
19592901,O-o-Ps,False,User
12839090,hj5,False,User
21587096,PerkinsZhu,False,User
200738,yafengli,False,User
22959213,yuwki0131,False,User
19546281,xhades,False,User
16191343,mrszg,False,User
33320563,mstr-turner,False,User
7971155,fxk8y,False,User
93409,oskimura,False,User
11676517,echoxiong,False,User
28076058,hrhino,False,User
1499163,lslab,False,User
8359848,feloxx,False,User
2218841,joroKr21,False,User
8858621,miguelortegarodriguez,False,User
188006,magix,False,User
519303,time2die,False,User
6893000,hungnguyengoc,False,User
12545449,siqueiros-1857,False,User
17759920,zhangzg187,False,User
7221894,winggyn,False,User
1743206,xiooz,False,User
20968642,china-liweihong,False,User
2411490,ericktm,False,User
22275557,mkeskells,False,User
63430,smarter,False,User
2370506,rockace1,False,User
33997928,blackGHu,False,User
2810066,Sunao-Yoshii,False,User
28283240,croonalullaby,False,User
20682954,n-aoki0409,False,User
754633,liufengyun,False,User
1521730,pydawan,False,User
7371646,zilbermanor,False,User
1690430,ezzahraoui,False,User
6995862,takashow,False,User
30503897,brainybytes,False,User
36434430,kiranlalith,False,User
6826308,luizVellozo,False,User
287439,kovel,False,User
10667509,ctsjc,False,User
37385554,wanghui94,False,User
1954442,xuning97,False,User
14150617,Hawkcraft-HeatoN,False,User
332812,julienrf,False,User
1884040,whylovejp,False,User
615850,yangbajing,False,User
10900041,Raderix,False,User
782908,buribu,False,User
7505383,NthPortal,False,User
18295279,eda-ricercatore,False,User
34901977,darronhemmas89,False,User
37365737,mnevfel,False,User
5248775,yuxuanchiadm,False,User
9604655,harrykoei,False,User
4505628,hosttor,False,User
890289,plokhotnyuk,False,User
1773380,sameei,False,User
30825320,yshuansong,False,User
882449,martijnhoekstra,False,User
49301,odd,False,User
19390017,marylly,False,User
11581027,Crazyang,False,User
22249776,Angelo-abel,False,User
10792517,NikVidya,False,User
21196559,FeilongZhao,False,User
37015501,hadamn,False,User
13897587,janitha09,False,User
4691966,Bunchhieng,False,User
41346140,xyzks,False,User
6263452,sarika-gada,False,User
2263889,tkrs,False,User
8564707,woodgood,False,User
4728765,MargaretNormal,False,User
1094760,takezoe,False,User
1409686,aristovia,False,User
8459789,MadhuriSangaraju,False,User
2581942,geneross,False,User
5399327,dkononenko,False,User
34321859,mbbo128,False,User
30918003,wayne910,False,User
36433882,CurbYourStrangeness,False,User
11001540,kclick91,False,User
5630999,huntario,False,User
2337269,mdedetrich,False,User
30977083,ashleyshawl,False,User
4403102,chenjianxin,False,User
9332800,Winchester-Yi,False,User
406044,gxhrid,False,User
19564821,conero,False,User
193578,drrzmr,False,User
3461074,takesection,False,User
2068205,chandra1123,False,User
11479999,dmsmyers,False,User
8167896,tricqueb,False,User
329703,oujinliang,False,User
9333427,lusong1986,False,User
17841575,hanhaotian,False,User
5049510,BILLzzz,False,User
34504475,FatenKassem,False,User
321944,ollie314,False,User
22955096,isananic,False,User
44896132,roboscales,False,User
21983490,yoosefi12,False,User
18349940,hahasdnu1029,False,User
563904,jasonqu,False,User
80070,exviva,False,User
17818385,saaavsaaa,False,User
5811830,id55503,False,User
10378982,bondach,False,User
17563166,DavisOsiemo,False,User
84391,EricSeokgon,False,User
12060687,linhnn,False,User
17639945,kapinuss,False,User
16749293,GoEagles999,False,User
12385101,ibrahimelhadeg,False,User
1669602,zurazurataicho,False,User
47491493,nanusa01,False,User
12369767,lorenzpahl,False,User
4631656,javacodecreeks,False,User
6767527,wuciawe,False,User
20856162,lvyitian,False,User
24903179,fushimatsu,False,User
13446550,bqdove,False,User
1570093,geksong,False,User
8176996,limpid-kzonix,False,User
32153214,yifengchen9,False,User
12053771,Gegeroufv,False,User
8326777,vnluc,False,User
17957308,zfg88287508,False,User
47139487,Susuvirtual,False,User
17379657,PrashantSabnekar,False,User
8123755,q977734161,False,User
41755867,flaviotaques,False,User
1984447,dinosaur-lin,False,User
1276104,victoria-petite,False,User
17059682,MohammedShmsuddin,False,User
2403280,Koki-Shimizu,False,User
666125,yarenty,False,User
16534321,bhcblc683,False,User
17232922,2efPer,False,User
20616332,ndiguesene,False,User
13085566,elha-da,False,User
8434766,chengjingfeng,False,User
96544,mrsinguyen,False,User
21290323,shaldnikita,False,User
39434237,wtog,False,User
15978385,skvithalani,False,User
17990081,jpohanka,False,User
18189490,Tominous,False,User
15672560,tuachotu,False,User
2800654,zhengkejun,False,User
31859043,poobhat,False,User
31429832,SoftwareIngenieur,False,User
6975179,boraseoksoon,False,User
8601580,sshyran,False,User
37357582,jmyeong,False,User
38448612,Eiostu,False,User
5723512,williamzhou-hust,False,User
4649842,Nbooo,False,User
17863671,jlgjosue,False,User
5288292,paloul,False,User
1981389,bussorenre,False,User
45594927,yam33,False,User
939679,haroon,False,User
43936218,jecarvajal,False,User
29048680,pabloazul,False,User
19371042,aravindsd,False,User
5699558,ulymor,False,User
56279998,javierrweiss,False,User
16859721,chandlerFan,False,User
42088453,AnkouSoei,False,User
10228565,plan454,False,User
308387,JeremyLi,False,User
24284641,keiSunagawa,False,User
29563988,phymucs,False,User
62343947,kerrlovepanda,False,User
16892600,j611062000,False,User
1287165,yiivon,False,User
37518588,vpatyal,False,User
5988745,RamSailesh,False,User
29261322,empeo,False,User
325082,jorgeavelar,False,User
687163,heathermiller,False,User
45484318,archivercloud,False,User
4023797,pretzelpanda13,False,User
47409812,nikita215,False,User
17918147,TinusChen,False,User
8103125,manjunath-ananthu,False,User
59921084,fnreality,False,User
13436592,bishabosha,False,User
16446346,darshoka,False,User
3248218,nicolemjkim,False,User
28897240,matil019,False,User
67346194,accio270320,False,User
46737877,secfeeds,False,User
896881,mritr,False,User
3355457,aresyr,False,User
68530503,ErhionGit,False,User
31181358,rishabhishere,False,User
72085895,roditen,False,User
4661571,tumakha,False,User
3664423,ajaimesv,False,User
7539407,isunix,False,User
147263,jabrena,False,User
42069734,BarryFourie,False,User
15228680,sirkerf,False,User
73240333,jiang545545,False,User
2614813,anatoliykmetyuk,False,User
32432191,georgy-n,False,User
73543858,00mjk,False,User
49505436,vzhougm,False,User
3039124,wwww6662003,False,User
14072045,byungwoo733,False,User
76166155,bigpile,False,User
31771137,Varulv1997,False,User
17014833,griggt,False,User
5455459,stanleyjacob,False,User
703126,eechih,False,User
81058036,amar475singh,False,User
65933340,seanpm2001,False,User
344610,dwijnand,False,User
665595,honood,False,User
14318111,diogocanut,False,User
